Clustered,datetime
0,2012-09-09T12:36:14.430000
0,2012-09-10T15:23:38.110000
0,2012-09-17T02:57:28.240000
1,2012-09-14T11:58:18.250000
1,2012-09-14T18:20:48.560000
1,2012-09-14T18:22:56.400000
1,2013-10-04T14:43:03.920000
2,2012-11-18T13:45:42.570000
2,2012-11-18T17:49:09.260000
3,2012-12-19T14:41:52.140000
3,2012-12-19T14:50:24.040000
3,2012-12-19T17:49:53.760000
4,2012-12-27T03:23:46.050000
4,2012-12-27T14:44:12.940000
4,2013-01-01T01:08:13.990000
4,2013-01-01T02:27:43.910000
4,2013-01-01T12:37:40.480000
4,2013-01-02T01:21:33.630000
4,2013-01-02T22:53:46.140000
4,2013-01-06T00:16:47.900000
4,2013-01-27T06:01:13.270000
5,2013-01-08T00:57:21.170000
5,2013-01-08T01:00:55.110000
5,2013-01-08T09:14:48.790000
6,2013-01-16T16:43:04.340000
6,2013-01-18T16:57:02.600000
6,2013-01-20T16:56:12.780000
7,2013-01-19T17:19:07.800000
7,2013-01-20T17:22:50.890000
8,2013-01-21T19:27:39.750000
8,2013-01-22T18:04:25.630000
9,2013-01-25T00:41:55.130000
9,2013-01-25T03:43:51.300000
9,2013-01-25T04:28:26.120000
9,2013-01-25T08:59:17.020000
10,2013-01-27T12:52:41.780000
10,2013-01-27T15:26:28
11,2013-02-08T02:48:28.560000
11,2013-02-08T04:09:32.570000
12,2013-05-02T20:07:56.200000
12,2013-05-02T22:28:19.050000
12,2013-05-02T23:25:53.340000
13,2013-05-02T20:08:22.470000
13,2013-05-02T22:28:45.310000
13,2013-05-02T23:26:19.580000
14,2013-06-23T07:13:21.460000
14,2013-06-25T05:42:13.740000
14,2013-06-30T09:04:12.080000
15,2013-07-30T07:56:45.890000
15,2013-07-30T17:17:28.390000
16,2013-08-02T22:02:46.980000
16,2013-08-02T22:03:24.320000
16,2013-08-17T16:54:27.130000
16,2013-08-27T06:34:09.920000
16,2013-09-04T18:39:54.480000
16,2013-09-10T05:50:26.290000
16,2013-09-11T22:08:04.530000
16,2013-09-11T22:08:16.590000
16,2013-09-11T22:12:15.130000
16,2013-09-22T11:30:16.570000
17,2013-08-23T21:39:21.820000
17,2013-08-24T01:08:54.780000
18,2013-10-30T06:24:11.300000
18,2013-10-30T17:17:08.170000
19,2013-11-09T01:12:18.650000
19,2013-11-09T01:59:03.800000
20,2013-11-14T08:21:39.790000
20,2013-11-15T11:31:47.360000
20,2013-11-15T11:44:05.680000
20,2013-11-15T14:58:39.890000
20,2013-11-15T15:22:58.870000
20,2013-12-05T08:35:02.670000
20,2013-12-05T10:11:45.300000
20,2013-12-05T12:01:54.130000
21,2013-11-14T11:37:53.820000
21,2013-11-14T17:44:56.610000
21,2013-11-14T22:30:28.250000
21,2013-11-15T02:29:49.950000
21,2013-11-15T10:52:02.510000
21,2013-11-15T11:39:38.620000
21,2013-11-15T11:41:42.220000
21,2013-11-15T12:30:39.050000
22,2013-12-05T05:21:43.190000
22,2013-12-06T08:24:26.600000
23,2013-12-24T12:43:52.090000
23,2013-12-24T13:36:34.330000
23,2013-12-24T14:09:00.940000
24,2013-12-25T03:54:32.760000
24,2013-12-25T04:02:20.490000
24,2014-02-09T19:26:59.960000
25,2013-12-28T04:52:05.470000
25,2014-01-01T10:38:09.810000
25,2014-01-02T05:37:23.930000
25,2014-01-02T09:38:48.460000
25,2014-01-04T09:33:54.360000
26,2013-12-28T11:16:11.260000
26,2014-01-01T08:04:17.280000
26,2014-01-01T10:23:32.090000
26,2014-01-04T10:42:17.820000
26,2014-01-04T13:49:35.510000
26,2014-01-04T14:15:20.850000
26,2014-01-04T14:52:27.460000
26,2014-01-04T16:01:33.610000
26,2014-01-05T00:19:37.070000
26,2014-01-05T04:18:21.400000
26,2014-01-05T07:01:38.650000
26,2014-01-05T07:35:30.750000
27,2014-01-02T03:59:16.620000
27,2014-01-05T03:39:22.130000
28,2014-01-15T14:48:11.050000
28,2014-01-16T04:01:31.480000
29,2014-01-17T02:53:25.190000
29,2014-01-17T03:42:15.930000
29,2014-01-17T05:01:08.920000
30,2014-01-17T08:14:58.930000
30,2014-01-17T11:47:16.140000
31,2014-01-21T14:46:34.780000
31,2014-01-22T14:50:18.980000
32,2014-01-21T17:30:51.240000
32,2014-01-22T17:42:03.470000
33,2014-01-25T17:41:09.490000
33,2014-01-25T18:21:46.700000
33,2014-01-26T17:54:21.770000
34,2014-01-25T19:43:38.160000
34,2014-01-25T19:47:44.690000
35,2014-01-26T06:23:56.060000
35,2014-01-26T15:41:04.280000
36,2014-01-26T10:42:35.200000
36,2014-01-26T11:48:20.580000
37,2014-01-26T16:44:01.870000
37,2014-01-26T17:32:15.830000
38,2014-03-04T21:57:33.900000
38,2014-03-05T00:36:03.470000
38,2014-03-07T15:32:35.940000
38,2014-03-08T00:47:56.200000
39,2014-03-10T05:05:13.420000
39,2014-03-10T05:30:18.040000
39,2014-03-10T05:33:19.880000
39,2014-03-10T05:40:28.110000
39,2014-03-10T06:23:47.730000
39,2014-03-10T07:50:03.080000
39,2014-03-10T10:19:10.120000
39,2014-03-10T10:47:26.790000
39,2014-03-11T08:06:14.140000
39,2014-03-11T19:22:45.620000
39,2014-03-12T09:09:10.640000
39,2014-03-21T14:38:40.920000
39,2014-03-23T16:38:50.560000
39,2018-05-07T23:52:08.820000
40,2014-03-13T07:48:16.500000
40,2014-03-15T12:29:06.630000
40,2014-03-16T09:38:27.170000
40,2014-03-18T05:58:42.370000
41,2014-03-15T06:57:18.340000
41,2014-03-15T10:19:23.630000
42,2014-03-19T07:57:29.790000
42,2014-03-19T10:08:38.720000
43,2014-03-21T07:24:23.390000
43,2014-03-21T07:46:05.930000
43,2014-03-21T08:57:32.070000
43,2014-03-21T09:20:40.770000
43,2014-03-21T09:38:27.690000
43,2014-03-22T06:14:45.320000
43,2014-03-22T07:27:30.830000
43,2014-03-22T07:59:07.370000
43,2014-03-22T08:20:47.800000
43,2014-03-22T14:42:53.420000
43,2014-03-23T08:05:13.080000
44,2014-03-22T08:24:08.720000
44,2014-03-23T10:51:04.370000
45,2014-03-22T13:37:33.260000
45,2014-03-23T09:36:44.760000
45,2014-03-23T12:29:18.530000
46,2014-03-23T05:21:41.820000
46,2014-03-24T07:50:19.580000
47,2014-03-23T05:50:36.770000
47,2014-03-24T08:06:49.420000
48,2014-03-23T13:16:13.810000
48,2014-03-24T08:47:56.850000
49,2014-04-26T05:09:25.880000
49,2014-04-26T05:09:45.430000
50,2014-05-06T06:38:33.480000
50,2014-05-06T08:38:53.650000
51,2014-06-08T18:49:49.260000
51,2014-06-09T11:50:44.840000
51,2015-01-11T11:47:53.300000
51,2016-01-02T19:32:04.990000
52,2014-07-12T00:34:58.250000
52,2014-07-12T12:16:34.320000
52,2014-07-12T16:52:52.750000
52,2014-07-13T06:09:14.150000
52,2014-07-18T21:53:46.830000
52,2014-07-19T16:32:23.920000
52,2014-07-21T22:43:07.180000
52,2014-07-24T01:50:55.510000
52,2014-07-24T02:41:57.900000
52,2014-08-01T06:51:15.570000
52,2014-08-05T03:22:13.720000
52,2014-08-05T08:31:54.190000
52,2014-08-05T10:34:23.400000
52,2014-08-05T11:46:44.160000
52,2014-08-06T03:32:30.510000
52,2014-08-10T20:18:29.250000
52,2014-08-13T12:17:34.950000
52,2014-08-16T15:11:24.010000
52,2014-08-19T03:11:09.630000
52,2014-08-31T07:40:34.540000
52,2014-09-09T22:26:36.420000
52,2014-09-10T11:30:21.730000
52,2014-09-15T13:17:10.720000
52,2014-09-20T02:41:26.610000
52,2014-09-20T05:13:40.610000
52,2014-09-20T09:46:58.600000
52,2014-09-23T09:46:43.010000
52,2014-10-01T13:50:19.640000
52,2014-10-01T13:58:27.590000
52,2014-11-05T07:40:23.070000
52,2014-11-05T07:49:38.880000
52,2014-11-05T12:00:18.220000
52,2014-11-05T12:56:38
52,2014-11-06T12:16:43.670000
52,2014-11-06T12:55:32.400000
52,2014-11-07T06:07:17.360000
52,2014-11-07T10:45:42.130000
52,2014-11-07T10:50:59.340000
52,2014-11-07T11:08:32.870000
52,2014-11-07T20:03:53.660000
52,2014-11-08T01:53:30.970000
52,2014-11-08T02:09:27.930000
52,2014-11-08T04:24:25.010000
52,2014-11-08T05:45:27.600000
52,2014-11-08T10:48:41.060000
52,2014-11-08T13:46:21.690000
52,2014-11-09T05:22:26.650000
52,2014-11-12T15:19:01.420000
52,2014-11-12T15:29:38.970000
52,2014-11-12T17:19:45.160000
52,2014-11-13T06:48:22.370000
52,2014-11-13T10:22:58.300000
52,2014-11-15T08:43:06.740000
52,2014-11-15T14:44:33.900000
52,2014-11-16T08:42:46.260000
52,2014-11-16T17:37:04.480000
52,2014-11-17T08:41:47.430000
52,2014-11-22T10:13:48.160000
52,2014-12-04T13:49:55.370000
52,2014-12-26T04:03:26.580000
52,2014-12-26T18:20:20.660000
52,2014-12-27T03:43:02.260000
52,2015-01-02T13:51:09.630000
52,2015-01-14T09:07:34.650000
52,2015-01-22T09:29:07.950000
52,2015-01-22T10:50:36.450000
52,2015-01-22T15:08:14.400000
52,2015-01-22T16:35:43.770000
52,2015-01-22T20:08:31.390000
52,2015-01-23T02:49:21.070000
52,2015-01-23T13:31:38.610000
52,2015-01-23T18:48:58.880000
52,2015-01-31T19:47:01.350000
52,2015-02-04T23:25:39.070000
52,2015-02-16T06:32:36.930000
52,2015-02-16T13:47:39.010000
52,2015-02-17T03:10:55.800000
52,2015-02-20T19:12:41.640000
52,2015-02-21T03:50:44.560000
52,2015-02-21T14:22:58.780000
52,2015-02-25T12:20:52.540000
52,2015-02-25T12:51:58.740000
52,2015-03-03T20:36:37.540000
52,2015-03-05T01:13:16.170000
52,2015-03-07T00:41:04.440000
52,2015-03-08T13:23:44.570000
52,2015-03-10T08:47:16.840000
52,2015-03-17T04:00:18.510000
52,2015-03-27T06:29:16.110000
52,2015-03-27T06:59:20.720000
52,2015-04-08T21:00:36.300000
52,2015-04-19T23:55:22.440000
52,2015-04-27T05:44:53.210000
52,2015-07-16T03:25:04.250000
52,2015-07-16T09:46:44.130000
52,2015-07-16T10:06:41.900000
52,2015-07-16T11:04:02.100000
52,2015-07-16T12:32:55.520000
52,2015-07-17T13:01:34.220000
52,2015-07-19T11:17:49.510000
52,2015-07-23T10:39:40.340000
52,2015-07-24T15:22:38.940000
52,2015-07-30T15:23:24.780000
52,2015-09-14T14:12:18.430000
52,2015-09-14T14:39:11.350000
52,2015-09-14T15:44:58.690000
52,2015-09-14T16:30:25.450000
52,2015-09-14T18:07:41.080000
52,2015-09-14T23:03:00.710000
52,2015-09-17T20:48:37.240000
52,2015-09-19T07:22:01
52,2015-09-19T15:17:31.460000
52,2015-09-20T04:48:36.380000
52,2015-09-21T19:14:19.970000
52,2015-09-22T15:25:30.010000
52,2015-09-22T17:46:26.530000
52,2015-09-22T22:35:29.650000
52,2015-09-25T22:15:08.740000
52,2015-09-28T04:56:47.510000
52,2015-09-28T07:11:27.950000
52,2015-09-29T00:04:40.200000
52,2015-10-01T05:45:10.230000
52,2015-10-05T21:19:35.620000
52,2015-10-05T21:21:03.760000
52,2015-10-07T14:49:56.440000
52,2015-10-09T03:13:53.030000
52,2015-10-09T03:16:02.110000
52,2015-10-10T09:39:52.620000
52,2015-10-15T03:34:11.030000
52,2015-10-15T08:47:27.170000
52,2015-10-20T07:46:34.750000
52,2015-10-21T12:03:44
52,2015-10-24T23:50:48.100000
52,2015-11-08T07:21:29.690000
52,2015-11-14T03:16:00.580000
52,2015-11-21T20:01:18.190000
52,2015-12-06T00:00:43.870000
52,2015-12-15T02:48:01.400000
52,2015-12-30T23:53:35.010000
52,2016-01-05T07:46:55.670000
52,2016-02-09T22:00:52.610000
52,2016-02-22T05:48:53.830000
52,2016-02-23T03:45:44.900000
52,2016-02-23T10:11:35.030000
52,2016-04-05T16:49:47.930000
52,2016-04-13T02:02:39.110000
52,2016-04-16T10:05:20.370000
52,2016-04-27T07:34:00.470000
52,2016-05-18T08:13:08.530000
52,2016-06-07T12:11:26.230000
52,2017-04-23T08:21:40.370000
52,2018-11-30T05:32:40.860000
53,2014-07-12T12:16:03.890000
53,2014-07-12T16:52:22.320000
53,2014-07-13T06:08:43.710000
53,2014-07-21T17:36:00.100000
53,2014-07-21T22:42:36.700000
53,2014-07-24T02:41:27.410000
53,2014-08-10T20:17:58.790000
53,2014-08-13T12:17:04.490000
53,2014-08-16T15:10:53.550000
53,2014-09-09T22:26:05.940000
53,2014-09-10T11:29:51.220000
53,2014-09-20T02:40:55.140000
53,2014-09-20T09:46:27.130000
53,2014-09-23T09:46:11.540000
53,2014-10-01T13:49:48.190000
53,2014-10-01T13:57:56.110000
53,2014-11-05T07:15:24.890000
53,2014-11-05T07:49:07.470000
53,2014-11-05T09:06:16.070000
53,2014-11-05T12:13:29.350000
53,2014-11-07T11:14:13.370000
53,2014-11-08T11:28:09.110000
53,2014-11-12T14:53:33.400000
53,2014-11-13T06:47:51.890000
53,2014-11-13T11:21:48.650000
53,2014-11-13T12:07:22.200000
53,2014-11-13T12:15:47.770000
53,2014-11-13T13:03:49.150000
53,2014-11-13T17:30:10.060000
53,2014-11-15T13:34:17.670000
53,2014-11-15T14:30:21.200000
53,2014-11-16T02:43:33.900000
53,2014-11-16T04:03:09.080000
53,2014-11-16T14:19:36.830000
53,2014-11-17T02:48:34.610000
53,2014-11-17T07:02:33.470000
53,2014-11-17T23:24:29.610000
53,2014-11-18T13:12:47.580000
53,2014-11-19T07:31:42.440000
53,2014-11-22T10:13:17.720000
53,2014-12-01T06:06:25.370000
53,2014-12-01T16:52:39.210000
53,2014-12-02T11:26:14.750000
53,2014-12-03T03:14:32.760000
53,2014-12-03T14:08:42.760000
53,2014-12-04T13:49:24.890000
53,2014-12-26T18:19:50.240000
53,2014-12-27T03:42:31.820000
53,2015-01-04T06:40:21.880000
53,2015-01-04T07:41:53.650000
53,2015-01-04T07:55:29.120000
53,2015-01-04T08:33:10.710000
53,2015-01-04T11:38:03.560000
53,2015-01-05T01:47:59.120000
53,2015-01-05T19:25:04.510000
53,2015-01-05T22:23:29.390000
53,2015-01-05T23:17:27.710000
53,2015-01-06T06:46:48.820000
53,2015-01-06T11:04:27.200000
53,2015-01-06T15:38:22.580000
53,2015-01-07T05:47:00.680000
53,2015-01-07T14:42:49.670000
53,2015-01-07T23:52:31.730000
53,2015-01-08T10:04:10.050000
53,2015-01-08T10:18:50.530000
53,2015-01-08T15:17:53.660000
53,2015-01-08T18:10:51.880000
53,2015-01-08T19:26:01.730000
53,2015-01-09T07:07:47.290000
53,2015-01-09T08:38:57
53,2015-01-09T16:37:10.340000
53,2015-01-10T06:47:14.010000
53,2015-01-10T10:31:15.630000
53,2015-01-11T05:26:05.070000
53,2015-01-11T09:38:42.800000
53,2015-01-13T04:31:44.990000
53,2015-01-13T04:47:39.140000
53,2015-01-13T06:58:09.370000
53,2015-01-16T19:25:08.610000
53,2015-01-20T21:21:49.230000
53,2015-01-21T20:14:37.580000
53,2015-01-22T03:17:57.170000
53,2015-01-22T03:34:35.280000
53,2015-01-22T09:17:17.380000
53,2015-01-22T09:28:36.460000
53,2015-01-22T09:43:31.610000
53,2015-01-22T10:05:26.320000
53,2015-01-22T10:50:04.960000
53,2015-01-22T10:51:06.880000
53,2015-01-22T12:01:10.400000
53,2015-01-22T16:35:12.270000
53,2015-01-23T07:25:16.440000
53,2015-01-23T13:31:07.130000
53,2015-01-23T20:35:29.770000
53,2015-01-27T11:27:02.010000
53,2015-01-27T19:24:54.470000
53,2015-01-29T00:29:02.970000
53,2015-02-12T17:51:20.020000
53,2015-02-12T18:33:13.230000
53,2015-02-12T19:15:08.810000
53,2015-02-12T21:02:49.470000
53,2015-02-13T07:38:49.130000
53,2015-02-13T13:21:06.430000
53,2015-02-21T03:50:14.070000
53,2015-03-01T04:57:32.830000
53,2015-03-07T00:40:33.070000
53,2015-03-10T08:46:45.360000
53,2015-03-23T00:28:22.540000
53,2015-03-23T10:57:52.660000
53,2015-03-27T06:28:44.630000
53,2015-03-27T06:58:49.250000
53,2015-03-30T14:10:39.180000
53,2015-04-19T23:54:51.010000
53,2015-04-21T09:37:02.290000
53,2015-04-27T05:44:21.770000
53,2015-07-01T03:36:54.440000
53,2015-07-16T03:06:35.450000
53,2015-07-16T03:24:32.790000
53,2015-07-16T11:03:30.630000
53,2015-07-16T12:32:24.040000
53,2015-07-17T11:28:59.060000
53,2015-07-17T13:01:02.750000
53,2015-07-17T13:48:13.670000
53,2015-07-17T17:41:23.290000
53,2015-07-19T11:17:18
53,2015-07-22T07:26:55.580000
53,2015-07-23T10:39:09.350000
53,2015-07-24T15:22:07.470000
53,2015-07-27T11:02:06.170000
53,2015-07-29T23:33:08.490000
53,2015-08-02T13:01:45.550000
53,2015-08-06T15:44:19.800000
53,2015-08-09T05:03:13.860000
53,2015-08-10T15:57:39.610000
53,2015-08-13T07:10:26.310000
53,2015-08-13T11:40:45.760000
53,2015-08-13T19:49:46.700000
53,2015-08-14T15:27:20.910000
53,2015-08-30T22:57:58.680000
53,2015-08-31T00:25:22.470000
53,2015-08-31T04:16:23.100000
53,2015-08-31T06:15:30.480000
53,2015-08-31T13:22:18.360000
53,2015-08-31T18:13:27.540000
53,2015-08-31T22:53:06.860000
53,2015-09-01T19:36:25.040000
53,2015-09-02T23:51:50.730000
53,2015-09-03T07:33:36.860000
53,2015-09-03T14:23:37.080000
53,2015-09-04T05:06:55.170000
53,2015-09-05T19:40:36.420000
53,2015-09-06T00:04:56.740000
53,2015-09-06T03:37:59.540000
53,2015-09-06T09:54:43.090000
53,2015-09-14T14:12:44.180000
53,2015-09-14T14:38:39.970000
53,2015-09-14T16:29:54.040000
53,2015-09-14T18:07:10.900000
53,2015-09-15T04:01:38.840000
53,2015-09-20T04:48:04.920000
53,2015-09-22T15:24:58.550000
53,2015-09-22T22:34:58.280000
53,2015-09-25T22:14:38.450000
53,2015-09-28T04:56:17.220000
53,2015-10-01T05:44:39.840000
53,2015-10-05T21:19:04.280000
53,2015-10-05T21:20:32.360000
53,2015-10-09T03:15:30.680000
53,2015-10-15T03:33:39.610000
53,2015-10-15T08:46:55.790000
53,2015-12-15T02:47:30.060000
53,2015-12-30T10:16:21.410000
53,2015-12-30T23:53:04.590000
53,2016-02-15T12:42:56.440000
54,2014-07-14T07:29:51.460000
54,2014-07-17T22:54:09.630000
55,2014-07-25T00:44:04.680000
55,2014-07-26T20:07:09.570000
55,2014-11-16T14:03:31.040000
56,2014-08-05T03:21:42.540000
56,2014-08-05T05:08:11.010000
56,2014-08-05T10:33:52.250000
56,2014-08-05T22:45:21.180000
56,2014-08-06T03:31:59.350000
56,2014-08-18T23:40:34.760000
56,2014-08-19T03:10:38.470000
56,2014-08-19T08:04:17.300000
56,2014-09-15T02:49:30.310000
56,2014-09-15T13:16:38.550000
56,2014-11-17T04:14:21.840000
56,2015-01-13T20:17:06.680000
56,2015-07-16T03:16:49.720000
57,2014-08-11T08:21:15.780000
57,2014-08-11T10:54:46.610000
57,2014-08-12T01:59:20.360000
57,2014-08-12T02:00:43.040000
57,2014-08-13T20:03:15.190000
57,2014-08-14T05:04:59.320000
57,2014-08-14T08:21:08.570000
57,2014-08-14T19:10:21.620000
57,2014-08-14T19:13:29.160000
57,2014-08-14T20:47:01.460000
57,2014-08-14T20:54:13.980000
57,2014-08-14T21:00:05.990000
57,2014-08-14T22:17:54.440000
57,2014-08-14T22:23:21.540000
57,2014-08-14T22:26:07.810000
57,2014-08-14T22:29:09.430000
57,2014-08-14T22:33:03.570000
57,2014-08-18T10:02:14.310000
57,2014-08-18T10:33:29.720000
57,2014-08-18T10:50:00.470000
57,2014-08-18T10:58:42.340000
57,2014-08-18T12:13:02.800000
57,2014-08-19T05:15:00.440000
57,2014-08-21T05:18:24.950000
58,2014-08-11T10:58:00.510000
58,2014-08-13T20:17:38.040000
59,2014-08-14T05:15:38.620000
59,2014-08-14T18:17:34.060000
59,2014-08-14T19:52:49.780000
59,2014-08-14T20:07:13.240000
59,2014-08-17T12:29:09.050000
59,2014-08-18T10:03:23.570000
59,2014-08-18T10:33:40.240000
59,2014-08-18T10:34:02.790000
59,2014-08-19T04:04:46.340000
60,2014-08-14T18:21:01.960000
60,2014-08-14T18:41:18.890000
61,2014-08-14T18:45:32.300000
61,2014-08-14T18:49:06.510000
62,2014-08-14T19:29:01.600000
62,2014-08-14T19:34:39.190000
62,2014-08-14T19:37:32.870000
62,2014-08-14T19:40:06.990000
62,2014-08-14T19:43:29.810000
62,2014-08-14T21:08:28.860000
62,2014-08-14T21:17:11.490000
62,2014-08-14T21:19:51.120000
62,2014-08-14T21:22:12.100000
62,2014-08-21T07:56:33.270000
63,2014-08-14T20:16:14.670000
63,2014-08-14T20:22:59.830000
63,2014-08-14T20:30:17.980000
64,2014-08-14T22:50:02.620000
64,2014-08-14T22:53:00.690000
64,2014-08-14T22:56:15.100000
65,2014-08-14T23:13:28
65,2014-08-14T23:16:27.500000
65,2014-08-14T23:19:27.280000
66,2014-08-19T06:46:44.150000
66,2014-08-19T10:33:34.470000
66,2014-08-19T12:19:18.290000
66,2014-08-19T13:05:27.110000
66,2014-08-19T14:27:56.680000
66,2014-09-03T11:28:33.930000
66,2014-09-15T23:23:55.630000
66,2014-09-22T02:29:32.950000
66,2014-10-01T13:03:20.760000
66,2014-11-04T21:16:45.780000
66,2014-11-05T08:55:35.250000
66,2014-11-05T11:08:32.870000
66,2014-11-05T11:35:39.110000
66,2014-11-05T13:24:28.820000
66,2014-11-08T01:48:22.500000
66,2014-11-08T14:43:16.200000
66,2014-11-14T19:04:31.290000
66,2014-11-23T22:00:19.640000
66,2014-12-02T04:03:47.320000
66,2015-01-24T03:35:55.230000
66,2015-01-31T06:25:38.870000
66,2015-07-11T02:29:00.920000
67,2014-08-19T06:47:14.210000
67,2014-08-19T13:05:57.170000
67,2014-08-19T14:28:25.760000
67,2014-08-19T19:15:49.160000
67,2014-08-20T13:11:30.460000
67,2014-09-15T23:24:24.710000
67,2014-09-22T02:30:01.080000
67,2014-10-01T13:25:34.620000
67,2014-10-02T02:58:03.410000
67,2014-10-30T15:17:42.080000
67,2014-11-04T10:49:06.530000
67,2014-11-04T21:17:14.780000
67,2014-11-04T22:21:22.480000
67,2014-11-05T07:15:54.040000
67,2014-11-05T10:34:34.150000
67,2014-11-05T20:07:21.570000
67,2014-11-06T15:42:38.020000
67,2014-11-07T01:45:33.450000
67,2014-11-07T04:32:54.480000
67,2014-11-07T07:26:19.860000
67,2014-11-07T09:43:50.410000
67,2014-11-07T11:33:10.780000
67,2014-11-07T19:21:03.590000
67,2014-11-08T01:48:52.480000
67,2014-11-08T05:28:48.240000
67,2014-11-08T05:30:39.930000
67,2014-11-08T14:46:32.390000
67,2014-11-08T14:49:40.010000
67,2014-11-08T21:18:27.610000
67,2014-11-09T04:13:13.540000
67,2014-11-09T13:41:55.860000
67,2014-11-13T11:22:18.790000
67,2014-11-13T12:07:51.050000
67,2014-11-13T12:16:16.610000
67,2014-11-13T12:16:57.530000
67,2014-11-13T13:04:18.010000
67,2014-11-15T13:24:44.070000
67,2014-11-15T13:34:46.580000
67,2014-11-15T14:30:50.320000
67,2014-11-16T04:03:38.170000
67,2014-11-17T07:03:02.590000
67,2014-11-17T07:42:08.480000
67,2014-11-17T23:06:05.670000
67,2014-11-17T23:24:58.540000
67,2014-11-19T07:32:11.560000
67,2014-11-22T06:42:20.070000
67,2014-11-25T04:33:52
67,2014-11-25T04:35:43.100000
67,2014-12-01T06:06:54.500000
67,2014-12-01T16:53:08.330000
67,2014-12-02T11:26:43.860000
67,2014-12-03T03:15:01.870000
67,2014-12-03T14:09:11.880000
67,2014-12-03T17:26:37.430000
67,2014-12-08T14:17:03.750000
67,2014-12-10T13:53:42.830000
67,2014-12-11T00:07:37.880000
67,2015-01-04T06:09:35.820000
67,2015-01-04T06:40:49.900000
67,2015-01-04T07:42:21.680000
67,2015-01-04T08:33:40.670000
67,2015-01-04T09:29:43.430000
67,2015-01-04T09:50:47.310000
67,2015-01-04T10:07:55.740000
67,2015-01-04T10:34:46.560000
67,2015-01-04T10:36:47.560000
67,2015-01-04T11:38:33.500000
67,2015-01-04T17:18:32.750000
67,2015-01-05T14:10:02.890000
67,2015-01-05T15:41:04.500000
67,2015-01-05T19:25:34.420000
67,2015-01-05T22:23:59.280000
67,2015-01-05T23:27:16.150000
67,2015-01-06T01:53:44.100000
67,2015-01-06T04:08:17.340000
67,2015-01-06T06:47:18.750000
67,2015-01-06T11:04:57.080000
67,2015-01-06T15:38:52.480000
67,2015-01-07T05:47:30.620000
67,2015-01-07T11:19:34.190000
67,2015-01-07T14:43:19.620000
67,2015-01-07T21:18:00.180000
67,2015-01-08T08:00:36.170000
67,2015-01-08T10:04:39.930000
67,2015-01-08T13:19:16.220000
67,2015-01-08T15:18:23.560000
67,2015-01-08T18:11:21.750000
67,2015-01-08T19:26:31.640000
67,2015-01-09T07:22:16.190000
67,2015-01-09T08:39:26.900000
67,2015-01-09T16:37:40.270000
67,2015-01-10T06:47:43.940000
67,2015-01-10T10:31:45.510000
67,2015-01-10T14:51:49.830000
67,2015-01-10T15:03:48.410000
67,2015-01-11T05:26:34.980000
67,2015-01-11T09:39:12.670000
67,2015-01-11T16:01:19.850000
67,2015-01-12T00:30:15.140000
67,2015-01-13T04:14:10.160000
67,2015-01-13T04:48:09.050000
67,2015-01-16T19:25:38.540000
67,2015-01-20T21:22:19.170000
67,2015-01-21T20:15:07.550000
67,2015-01-22T02:12:52.410000
67,2015-01-22T09:17:47.230000
67,2015-01-22T09:19:33.270000
67,2015-01-22T09:29:44.520000
67,2015-01-22T09:36:55.850000
67,2015-01-22T09:44:01.430000
67,2015-01-22T10:19:50.530000
67,2015-01-22T10:51:36.700000
67,2015-01-22T12:01:40.220000
67,2015-01-22T18:44:13.340000
67,2015-01-22T21:12:57.860000
67,2015-01-24T03:36:25.220000
67,2015-01-24T20:42:18.310000
67,2015-01-28T22:55:20.060000
67,2015-02-12T17:51:48.910000
67,2015-02-12T18:33:42.130000
67,2015-02-12T19:11:59.720000
67,2015-02-12T19:15:37.670000
67,2015-02-12T21:03:18.370000
67,2015-02-13T07:39:18.030000
67,2015-02-14T17:26:46.910000
67,2015-02-17T12:41:47.200000
67,2015-02-21T16:12:14.020000
67,2015-02-23T23:40:10.820000
67,2015-03-01T04:58:01.860000
67,2015-03-13T08:01:56.630000
67,2015-03-19T15:54:04.460000
67,2015-03-20T11:16:55.380000
67,2015-03-23T00:28:51.590000
67,2015-03-23T06:24:06.350000
67,2015-03-23T10:58:21.710000
67,2015-03-26T08:38:22.880000
67,2015-03-30T14:11:08.230000
67,2015-04-10T08:29:47.820000
67,2015-04-10T08:31:08.090000
67,2015-04-12T22:59:12.130000
67,2015-06-27T14:17:49.300000
67,2015-06-27T14:34:55.730000
67,2015-07-01T03:37:23.470000
67,2015-07-05T06:13:40.040000
67,2015-07-11T02:29:30.070000
67,2015-07-12T21:40:56.590000
67,2015-07-16T02:13:48.820000
67,2015-07-16T16:02:11.020000
67,2015-07-16T16:02:33.160000
67,2015-07-16T20:32:16.350000
67,2015-07-17T11:29:28.120000
67,2015-07-17T11:30:26.970000
67,2015-07-18T12:38:06.530000
67,2015-07-22T05:24:58.220000
67,2015-07-22T07:27:24.700000
67,2015-07-23T10:11:23.690000
67,2015-07-23T11:48:01.400000
67,2015-07-26T14:07:20.510000
67,2015-08-09T06:25:36.940000
67,2015-09-14T15:45:54.310000
67,2015-09-18T09:52:40.400000
67,2015-10-13T14:48:52.470000
67,2015-10-18T01:05:10.740000
67,2015-10-18T02:27:31.870000
67,2015-11-03T13:02:15.270000
67,2015-11-03T13:58:34.140000
67,2015-11-07T00:12:06.650000
67,2015-11-13T04:37:49.660000
67,2015-11-23T09:24:47.250000
67,2015-12-09T12:09:07.130000
67,2015-12-18T19:27:35.830000
67,2016-02-09T01:24:29.130000
67,2016-03-05T05:04:16.370000
67,2016-03-28T05:32:00.270000
67,2016-04-16T15:15:58.360000
68,2014-08-20T06:11:26.600000
68,2014-08-20T06:13:40.440000
69,2014-08-21T04:38:24.940000
69,2014-08-21T04:40:16.590000
70,2014-09-29T09:57:54.880000
70,2014-09-29T18:03:38.360000
70,2014-09-30T09:23:49.370000
70,2014-10-01T08:08:58.740000
70,2014-10-01T08:49:43.490000
70,2014-10-01T09:00:40.020000
70,2014-10-01T10:50:55.830000
70,2014-10-01T11:17:42.530000
70,2014-10-01T12:03:17.440000
70,2014-10-01T12:14:56.500000
70,2014-10-01T22:13:54.830000
70,2014-10-02T03:53:12.660000
70,2014-10-02T03:56:59.960000
70,2014-10-02T06:47:53.450000
70,2014-10-02T07:21:49.330000
70,2014-10-02T08:15:40.250000
70,2014-10-02T16:42:07.840000
70,2014-10-03T15:27:58.420000
70,2014-10-05T06:15:39.810000
70,2014-10-05T06:16:37.570000
70,2014-10-05T08:56:14.280000
70,2014-10-05T16:07:33.480000
70,2014-10-06T03:29:32.600000
70,2014-10-07T07:26:23.920000
70,2014-10-07T10:47:21.660000
70,2014-10-10T02:13:20.720000
71,2014-09-30T21:30:43.810000
71,2014-10-01T01:03:14.790000
71,2014-10-01T14:53:05.230000
71,2014-10-01T19:05:16.490000
71,2014-10-01T20:47:39.840000
71,2014-10-02T06:38:47.620000
71,2014-10-02T07:35:56.740000
71,2014-10-02T11:01:48.180000
71,2014-10-02T12:39:09.300000
71,2014-10-02T13:05:23.170000
71,2014-10-02T18:53:48.760000
71,2014-10-03T02:39:01.330000
71,2014-10-03T03:54:08.890000
71,2014-10-03T04:45:09.220000
71,2014-10-03T06:06:22.900000
71,2014-10-03T06:09:22.050000
71,2014-10-03T17:00:54.120000
71,2014-10-03T18:54:54.340000
71,2014-10-04T01:37:42.020000
71,2014-10-04T05:29:08.540000
71,2014-10-05T00:07:17.060000
71,2014-10-05T01:40:00.690000
71,2014-10-05T02:06:17.260000
71,2014-10-05T02:14:37.480000
71,2014-10-06T04:02:56.050000
71,2014-10-06T06:13:48.920000
71,2014-10-07T06:12:08.880000
71,2014-10-08T07:05:06.340000
71,2014-10-09T10:16:10.250000
71,2014-10-11T10:53:26.810000
71,2014-10-12T18:33:05
71,2014-10-13T00:57:07.020000
71,2014-10-13T04:12:29.430000
71,2014-10-14T05:46:14.210000
71,2014-10-26T07:29:26.360000
71,2014-10-26T07:37:35.950000
71,2014-10-26T09:45:20.060000
71,2014-11-19T15:03:59.010000
71,2014-11-19T17:04:49.810000
71,2014-11-21T02:22:00.230000
71,2014-11-21T02:55:53.590000
71,2014-11-21T04:19:25.640000
71,2014-11-21T09:57:35.400000
71,2014-11-24T02:02:03.680000
72,2014-10-01T08:50:36.620000
72,2014-10-05T23:22:17.270000
73,2014-10-04T07:37:50.310000
73,2014-10-05T06:05:13.370000
73,2014-10-10T06:54:56.860000
73,2014-10-11T03:29:05.860000
73,2014-10-12T10:12:29.820000
73,2014-10-12T21:10:23.490000
73,2014-10-13T10:22:29.260000
73,2014-10-16T16:53:27.560000
73,2014-10-18T08:57:36.840000
73,2014-10-18T23:57:03.940000
73,2014-11-15T22:40:03.830000
73,2014-11-16T16:22:08.820000
73,2014-11-16T16:32:54.960000
73,2014-11-16T16:44:39.350000
73,2014-11-16T16:45:09.890000
73,2014-11-16T18:52:09.790000
73,2014-11-16T23:04:05.620000
73,2014-11-16T23:09:58.090000
73,2014-11-17T03:34:37.610000
73,2014-11-17T03:41:42.920000
73,2014-11-17T04:58:07.080000
73,2014-11-17T05:40:30.730000
73,2014-11-17T07:47:43.610000
73,2014-11-17T07:48:23.990000
73,2014-11-17T10:47:47.490000
73,2014-11-19T03:18:45.230000
73,2014-11-19T07:51:48.310000
74,2014-11-04T21:15:00.360000
74,2014-11-05T08:08:43.630000
74,2014-11-18T21:47:47.790000
75,2014-11-05T07:31:02.540000
75,2014-11-05T07:35:39.630000
75,2014-11-05T07:50:59.400000
75,2014-11-05T08:04:42.620000
75,2014-11-05T08:22:26.720000
75,2014-11-05T08:28:27.970000
75,2014-11-05T08:35:28.680000
75,2014-11-05T16:02:20.490000
75,2014-11-05T18:52:00.490000
75,2014-11-06T04:49:18.480000
75,2014-11-06T08:32:27.090000
75,2014-11-06T08:53:29.290000
75,2014-11-06T08:55:26.110000
75,2014-11-06T09:19:06.780000
75,2014-11-06T09:31:05.650000
75,2014-11-06T10:02:59.260000
75,2014-11-06T14:17:25.080000
75,2014-11-06T15:12:33.190000
75,2014-11-06T23:21:20.990000
75,2014-11-06T23:53:56.240000
75,2014-11-07T01:45:03.730000
75,2014-11-07T01:48:28.630000
75,2014-11-07T06:40:38.530000
75,2014-11-08T10:32:23.700000
75,2014-11-13T08:57:50.790000
75,2015-09-14T18:58:29.100000
76,2014-11-05T08:00:44.720000
76,2014-11-09T13:41:24.490000
77,2014-11-05T08:25:14.940000
77,2014-11-05T17:19:16.710000
78,2014-11-05T08:25:45.120000
78,2014-11-05T17:19:46.890000
78,2014-11-16T10:10:58.870000
78,2014-11-21T15:13:47.760000
79,2014-11-06T11:13:02.250000
79,2014-11-08T09:08:48.450000
80,2014-11-06T12:16:13.590000
80,2014-11-06T14:02:58.700000
80,2014-11-12T00:57:52.380000
80,2014-11-12T15:41:27.590000
80,2014-11-12T15:46:46.230000
80,2014-11-12T17:19:15.030000
80,2014-11-15T08:42:36.600000
80,2015-02-16T06:32:06.840000
81,2014-11-06T23:21:53.430000
81,2014-11-06T23:54:28.670000
81,2014-11-07T00:22:48.740000
81,2014-11-07T01:52:20.300000
81,2014-11-07T06:41:10.970000
81,2014-11-08T02:11:48.090000
81,2014-11-09T15:00:24.860000
81,2014-11-20T22:32:13.160000
81,2014-11-22T02:41:32.150000
81,2014-11-23T06:10:33.790000
81,2014-12-12T11:42:48.820000
81,2014-12-12T11:58:58.590000
81,2014-12-12T21:37:54.730000
81,2014-12-14T06:06:33.300000
81,2014-12-14T07:15:41.320000
81,2014-12-14T09:29:33.700000
81,2014-12-14T17:35:07.090000
81,2014-12-14T22:59:12.240000
81,2014-12-20T06:45:50.640000
81,2015-01-07T08:55:57.130000
81,2015-01-07T09:21:03.350000
81,2015-01-13T04:27:25.990000
81,2015-01-13T04:38:43.490000
81,2015-01-13T05:57:07.680000
81,2015-01-13T07:13:15.870000
81,2015-01-13T07:30:21.880000
81,2015-01-13T08:19:44.810000
81,2015-01-13T09:55:12.070000
81,2015-01-13T22:37:33.120000
81,2015-01-20T21:43:41.900000
81,2015-01-22T03:35:08.590000
81,2015-01-22T09:09:06.950000
81,2015-01-22T14:52:52.630000
81,2015-01-28T20:45:12.380000
81,2015-01-29T17:40:43.190000
81,2015-01-29T18:35:40.560000
81,2015-01-30T00:58:43.980000
81,2015-01-30T05:27:35.860000
81,2015-01-30T12:21:17.460000
81,2015-01-31T14:25:32.300000
81,2015-02-09T11:39:13.470000
81,2015-02-13T13:21:38.730000
81,2015-03-25T16:45:30.740000
81,2015-04-21T09:37:34.730000
81,2015-05-10T02:46:33.780000
81,2015-05-12T13:39:30.350000
81,2015-05-12T13:40:11.850000
81,2015-07-16T01:47:01.270000
81,2015-07-16T01:51:58.570000
81,2015-07-16T02:51:54.120000
81,2015-07-17T06:00:08.110000
81,2015-07-27T02:51:59.490000
81,2015-07-27T02:54:09.630000
81,2015-07-27T03:09:20.590000
81,2015-07-27T04:16:42.860000
81,2015-07-27T05:30:25.840000
81,2015-07-27T06:56:14.910000
81,2015-07-27T07:01:40.100000
81,2015-07-27T07:06:44.470000
81,2015-07-27T07:10:40.800000
81,2015-07-27T10:10:30.990000
81,2015-07-27T13:54:18.180000
81,2015-07-27T14:51:31.420000
81,2015-07-29T23:33:40.920000
81,2015-07-31T06:51:56.880000
81,2015-08-01T18:43:27.880000
81,2015-08-01T18:49:06.270000
81,2015-08-02T13:02:16.990000
81,2015-08-04T08:22:58.990000
81,2015-08-04T08:53:41.350000
81,2015-08-05T17:13:04.530000
81,2015-08-05T20:48:20.450000
81,2015-08-06T15:44:52.150000
81,2015-08-09T05:03:46.240000
81,2015-08-10T15:56:18.170000
81,2015-08-10T15:58:12.940000
81,2015-08-11T00:35:39.040000
81,2015-08-11T08:07:22.430000
81,2015-08-11T17:40:22.180000
81,2015-08-13T01:55:22.910000
81,2015-08-13T02:16:22.790000
81,2015-08-13T07:10:58.700000
81,2015-08-13T07:11:44.590000
81,2015-08-13T11:32:17.770000
81,2015-08-13T11:41:18.070000
81,2015-08-13T12:16:46.590000
81,2015-08-13T19:50:19.030000
81,2015-08-14T02:02:38.040000
81,2015-08-14T04:36:37.800000
81,2015-08-14T06:33:27.750000
81,2015-08-14T06:58:07.210000
81,2015-08-14T13:08:39.210000
81,2015-08-14T23:07:20.420000
81,2015-08-15T03:44:43.720000
81,2015-08-16T13:03:35.060000
81,2015-08-17T11:26:34.840000
81,2015-08-18T00:45:49.330000
81,2015-08-18T09:06:03.370000
81,2015-08-18T20:39:45.330000
81,2015-08-19T16:58:45.150000
81,2015-08-20T21:40:01.460000
81,2015-08-21T13:48:10.150000
81,2015-08-23T06:33:59.040000
81,2015-08-25T07:04:22.330000
81,2015-08-30T22:58:29.710000
81,2015-08-31T00:25:53.480000
81,2015-08-31T04:16:54.100000
81,2015-08-31T06:16:01.480000
81,2015-08-31T07:04:52.220000
81,2015-08-31T10:00:53.970000
81,2015-08-31T13:22:49.370000
81,2015-08-31T22:53:37.860000
81,2015-09-03T07:34:07.850000
81,2015-09-03T14:24:08.100000
81,2015-09-04T05:07:26.170000
81,2015-09-04T07:36:49.680000
81,2015-09-05T19:41:07.460000
81,2015-09-06T00:05:27.770000
81,2015-09-06T05:31:48.170000
81,2015-09-06T09:55:14.140000
81,2015-09-09T09:16:59.280000
81,2015-09-09T18:51:29.350000
81,2015-09-11T19:15:39.690000
81,2015-09-12T17:31:22.850000
81,2015-09-14T14:02:06.900000
81,2015-09-14T14:55:11.720000
81,2015-09-14T15:15:21.460000
81,2015-09-14T15:16:06.580000
81,2015-09-14T15:19:32.600000
81,2015-09-14T15:29:15.950000
81,2015-09-14T17:50:57.610000
81,2015-09-14T19:01:57.480000
81,2015-09-14T21:22:12.560000
81,2015-09-14T21:38:02.600000
81,2015-09-14T23:19:24.640000
81,2015-09-15T02:42:26.770000
81,2015-09-15T03:55:56.710000
81,2015-09-15T09:01:58.810000
81,2015-09-15T22:39:33.770000
81,2015-09-16T01:32:10.990000
81,2015-09-16T05:02:11.240000
81,2015-09-16T08:00:47.640000
81,2015-09-16T13:38:42.030000
81,2015-09-17T00:28:30.180000
81,2015-09-18T01:27:19.970000
81,2015-09-20T06:32:42.820000
81,2015-09-20T16:56:31.980000
81,2015-09-22T00:35:22.790000
81,2015-09-24T02:22:28.550000
81,2015-09-24T06:16:40.650000
81,2015-09-26T00:58:01.280000
81,2015-09-30T16:56:52.780000
81,2015-11-09T12:50:52.370000
81,2015-11-19T02:02:51.970000
81,2015-11-19T02:16:42.410000
81,2015-11-19T03:19:22
81,2015-11-19T05:17:07.330000
81,2015-11-19T05:49:57.840000
81,2015-11-19T05:52:08.990000
81,2015-11-19T09:57:14.090000
81,2015-11-19T10:12:00.340000
81,2015-11-21T16:08:41.710000
81,2015-11-22T14:31:09.890000
81,2015-11-22T14:39:58.620000
81,2015-11-24T07:22:04.630000
81,2015-11-27T20:02:46.120000
81,2015-11-28T08:27:07.680000
81,2015-11-29T06:59:01.300000
82,2014-11-07T04:03:14.120000
82,2014-11-08T11:45:19.330000
82,2014-11-08T12:52:02.730000
82,2014-11-08T12:59:27.650000
82,2014-11-08T13:54:06.660000
83,2014-11-07T04:32:25.640000
83,2014-11-07T05:46:03.540000
83,2014-11-07T14:25:29.680000
83,2014-11-08T08:52:37.380000
83,2014-11-08T10:48:08.860000
83,2014-11-08T21:17:58.770000
83,2014-11-13T03:26:18.780000
83,2014-11-13T10:22:26.100000
83,2015-01-22T09:36:26.010000
83,2015-01-22T09:40:53.660000
83,2015-01-22T09:53:39.230000
83,2015-01-22T15:07:42.200000
83,2015-02-25T12:51:27.570000
83,2015-03-03T08:05:50.370000
83,2015-03-03T09:09:59.650000
83,2015-03-03T10:02:03.550000
83,2015-03-04T06:21:27.630000
83,2015-03-23T06:54:47.010000
83,2016-01-03T04:52:02.580000
83,2016-01-03T05:20:06.540000
83,2016-01-03T23:49:38.420000
83,2016-01-03T23:51:53.230000
83,2016-01-04T00:11:58.640000
83,2016-01-04T00:27:13.410000
83,2016-01-04T00:54:12.750000
83,2016-01-10T12:28:13.220000
83,2016-01-27T15:40:53.710000
84,2014-11-07T06:06:45.010000
84,2014-11-08T02:08:55.580000
85,2014-11-07T09:43:19.470000
85,2014-11-08T14:46:01.440000
85,2014-11-08T14:49:09.070000
85,2014-11-09T04:12:42.600000
86,2014-11-07T11:08:02.220000
86,2014-11-07T20:03:23.030000
87,2014-11-07T20:38:30.490000
87,2014-11-08T12:10:54.020000
87,2014-11-17T09:46:41.660000
87,2014-11-20T22:31:40.370000
87,2014-11-21T10:13:06.170000
87,2014-11-21T17:57:04.820000
87,2014-11-22T02:40:59.380000
87,2014-12-12T11:42:16.050000
87,2014-12-12T11:58:25.840000
87,2014-12-12T13:16:40.360000
87,2014-12-12T21:37:21.960000
87,2014-12-13T00:25:36.560000
87,2014-12-13T09:04:11.660000
87,2014-12-14T06:06:00.560000
87,2014-12-14T06:24:07.860000
87,2014-12-14T06:49:58.280000
87,2014-12-14T07:15:08.560000
87,2014-12-14T09:29:00.970000
87,2014-12-14T10:04:13.290000
87,2014-12-14T12:24:39.790000
87,2014-12-14T22:58:39.490000
87,2014-12-15T14:46:40.980000
87,2014-12-15T23:09:42.170000
87,2014-12-19T17:11:30.020000
87,2014-12-20T06:45:17.880000
87,2015-01-04T13:45:02.250000
87,2015-01-13T07:25:30.120000
87,2015-01-13T11:13:00.850000
87,2015-01-13T11:41:29.360000
87,2015-01-22T13:08:28.200000
87,2015-01-29T18:35:07.830000
87,2015-01-30T05:27:03.130000
87,2015-07-16T05:15:47.020000
87,2015-07-16T05:18:08.520000
88,2014-11-10T01:20:08.540000
88,2014-11-10T02:43:52.580000
88,2014-11-17T15:15:35.300000
89,2014-11-11T01:12:58.170000
89,2014-11-11T23:19:45.160000
90,2014-11-11T01:13:28.770000
90,2014-11-11T23:20:15.770000
90,2014-11-16T18:32:52.780000
91,2014-11-15T10:26:33.220000
91,2014-11-15T16:16:13.950000
91,2015-01-22T09:32:34.460000
92,2014-11-25T08:27:35.360000
92,2014-11-26T12:13:33.170000
92,2015-03-02T04:53:29.490000
92,2015-03-02T05:24:50.020000
92,2015-03-02T07:00:38.560000
93,2014-12-22T10:20:51.940000
93,2014-12-22T22:05:41.200000
93,2014-12-22T22:07:25.070000
94,2015-01-04T10:07:24.770000
94,2015-01-04T10:34:15.580000
94,2015-01-04T10:36:16.580000
94,2015-01-05T15:40:33.530000
94,2015-01-06T01:53:13.110000
94,2015-01-06T04:07:46.340000
94,2015-01-07T08:55:25.220000
94,2015-01-07T09:20:31.440000
94,2015-01-09T12:57:24.440000
94,2015-01-13T04:26:54.080000
94,2015-01-13T05:56:35.760000
94,2015-01-31T14:25:00.360000
94,2015-05-06T22:50:36.100000
94,2015-07-16T16:01:40.010000
94,2015-07-27T02:51:27.570000
94,2015-09-12T17:30:51.910000
95,2015-01-10T02:58:53.110000
95,2015-01-12T17:21:46.610000
95,2015-01-12T21:06:19.960000
95,2015-02-17T12:24:55.340000
96,2015-01-10T14:51:20.970000
96,2015-01-10T15:03:19.540000
96,2015-01-28T22:54:51.200000
96,2015-02-23T23:39:42.960000
97,2015-01-14T01:30:35.950000
97,2015-01-15T08:52:17.800000
98,2015-02-15T09:29:26.110000
98,2015-02-19T09:12:56.840000
98,2015-02-21T09:57:36.780000
98,2015-02-21T11:23:43.670000
98,2015-02-21T13:33:28.990000
98,2015-02-21T14:07:48.270000
98,2015-02-24T05:58:08.180000
98,2015-02-25T12:37:20.300000
98,2015-03-01T14:57:28.670000
98,2015-03-02T15:00:25.980000
98,2015-03-04T07:25:51.790000
98,2015-03-04T13:12:30.480000
98,2015-03-05T07:57:53.180000
98,2015-03-05T12:22:24.140000
98,2015-03-07T11:32:19.150000
98,2015-03-07T13:04:54.160000
98,2015-03-07T14:04:36.990000
98,2015-03-08T13:38:54.050000
98,2015-03-09T10:20:28.340000
99,2015-02-17T05:37:27.340000
99,2015-02-18T20:40:04.870000
100,2015-02-17T12:41:15.860000
100,2015-02-20T11:36:00.500000
100,2015-02-21T16:11:42.690000
100,2015-03-23T06:23:34.980000
100,2015-07-23T11:47:30.040000
101,2015-02-25T10:05:50.460000
101,2015-02-26T18:05:34.080000
102,2015-03-08T19:43:55.510000
102,2015-03-09T03:57:31.030000
103,2015-04-24T02:33:45.750000
103,2015-04-24T05:45:01.930000
104,2015-05-05T06:02:07.390000
104,2015-05-05T06:02:51.390000
105,2015-05-25T17:53:40.420000
105,2015-05-26T07:29:05.190000
106,2015-06-18T17:48:44.350000
106,2015-06-19T01:38:32.420000
106,2017-10-17T14:58:27.040000
106,2017-10-17T16:01:19.590000
107,2015-06-25T20:26:19.820000
107,2015-06-26T13:30:31.400000
108,2015-06-27T14:17:17.370000
108,2015-06-27T14:34:23.800000
109,2015-07-22T05:24:28.980000
109,2015-07-23T10:10:54.460000
109,2015-08-05T17:12:34.390000
109,2015-08-10T18:48:09.670000
109,2015-09-09T18:50:58.200000
109,2015-09-18T09:52:11.160000
109,2015-10-08T08:10:06.210000
109,2015-10-18T01:04:41.530000
109,2016-03-28T05:31:31.020000
109,2016-04-16T15:15:29.120000
109,2016-09-08T17:50:48.040000
110,2015-07-27T02:17:30.440000
110,2015-07-29T16:53:36.860000
110,2015-09-05T16:57:25.480000
110,2015-09-05T23:25:42.440000
111,2015-07-27T02:53:41.470000
111,2015-07-27T04:16:14.720000
111,2015-07-27T05:29:57.700000
112,2015-07-27T07:06:13.670000
112,2015-07-27T07:10:10
112,2015-08-11T00:35:08.250000
112,2015-08-12T08:59:22.120000
112,2015-08-14T06:57:36.400000
112,2015-08-16T13:03:04.210000
112,2015-08-17T11:26:04.040000
112,2015-08-18T20:39:14.500000
112,2015-08-19T16:58:14.330000
112,2015-08-20T21:39:30.640000
112,2015-08-23T06:33:28.210000
112,2015-08-25T07:03:51.510000
112,2015-09-16T08:00:16.810000
112,2015-09-30T16:56:21.950000
113,2015-07-27T14:43:20.520000
113,2015-07-27T15:17:26.300000
114,2015-08-01T18:48:33.350000
114,2015-08-04T08:53:08.440000
114,2015-09-14T14:01:33.720000
114,2015-09-14T15:14:48.310000
114,2015-09-14T15:18:59.370000
114,2015-09-14T15:28:42.830000
114,2015-09-14T19:01:24.350000
114,2015-09-14T21:21:39.440000
114,2015-09-14T23:18:51.410000
114,2015-09-16T05:01:38.090000
114,2015-09-16T13:38:08.800000
114,2015-11-19T03:02:04.300000
114,2015-11-22T14:30:36.770000
114,2015-11-22T14:39:25.470000
114,2015-11-24T07:21:31.520000
114,2018-04-27T10:56:43.930000
115,2015-08-02T23:24:03.110000
115,2015-08-03T12:02:21.480000
115,2019-09-16T12:00:15.115000
115,2019-09-16T12:00:51.235000
116,2015-08-19T04:11:34.050000
116,2015-08-19T04:17:35.830000
117,2015-09-09T21:49:11.590000
117,2015-09-10T04:47:37.950000
117,2016-04-11T19:13:50.230000
117,2018-08-14T11:06:08.800000
117,2018-08-22T09:40:05.790000
117,2018-08-22T09:49:53.470000
117,2018-08-22T09:50:41.100000
117,2018-08-22T09:51:28.420000
117,2018-08-22T09:58:04.070000
117,2018-08-22T09:58:51.180000
117,2018-08-22T10:11:20.630000
117,2018-08-22T11:11:27.950000
117,2018-08-22T11:47:40.990000
117,2018-08-22T12:01:36.950000
117,2018-08-22T14:13:41.980000
117,2018-08-24T02:55:12.640000
117,2018-08-24T10:49:39.700000
117,2018-08-24T12:20:52.080000
117,2018-08-24T17:34:44.030000
117,2018-08-25T12:01:53.290000
117,2018-08-26T06:58:29.700000
117,2018-08-28T06:57:34.700000
117,2018-08-29T10:32:21.820000
117,2018-08-31T04:31:54.700000
117,2018-09-03T13:32:10.240000
117,2018-09-06T19:00:50.370000
117,2018-09-28T06:25:32.560000
117,2019-08-29T15:36:16.700000
117,2019-08-30T10:12:27.810000
117,2019-09-01T01:53:23.280000
117,2019-09-02T23:33:33.260000
117,2019-09-05T08:51:51.580000
118,2015-09-18T20:12:13.120000
118,2015-09-19T11:26:27.830000
119,2015-09-26T18:28:11.810000
119,2015-09-26T19:28:20.280000
119,2015-09-26T20:24:33.100000
119,2015-09-29T18:57:10.640000
119,2015-10-04T13:28:59.890000
119,2015-10-06T05:23:35.300000
120,2015-09-27T17:18:37.340000
120,2015-09-28T03:45:03.890000
120,2015-09-29T01:27:40.800000
121,2015-10-03T13:51:57.570000
121,2015-10-05T04:42:29.700000
122,2015-10-17T23:21:47.190000
122,2015-10-18T00:43:00.310000
122,2015-10-18T00:43:30.710000
122,2015-10-18T02:06:29.480000
122,2016-01-04T01:05:38.860000
123,2015-10-22T09:22:49.210000
123,2015-10-22T11:28:20.050000
123,2015-10-22T12:56:06.370000
123,2015-10-22T13:18:11.480000
123,2015-10-22T14:11:40.720000
123,2015-10-22T16:20:18.630000
123,2015-10-22T16:28:50.130000
123,2015-10-22T17:36:45.340000
123,2015-10-22T17:39:44.050000
123,2015-10-22T17:41:06.240000
123,2015-10-22T19:01:01.600000
123,2015-10-22T21:25:21.270000
123,2015-10-22T21:40:11.460000
123,2015-10-22T22:32:20.660000
123,2015-10-22T23:25:23.100000
123,2015-10-22T23:44:52.070000
123,2015-10-23T01:00:10.430000
123,2015-10-23T02:24:10.800000
123,2015-10-23T03:31:14.040000
123,2015-10-23T05:45:01.740000
123,2015-10-23T06:54:38.250000
123,2015-10-23T08:16:59.100000
123,2015-10-23T08:29:57.100000
123,2015-10-23T08:30:41.230000
123,2015-10-23T14:17:41.770000
123,2015-10-23T14:31:54.260000
123,2015-10-23T15:31:06.660000
123,2015-10-23T17:23:01.840000
123,2015-10-23T19:17:27.660000
123,2015-10-23T20:45:59.540000
123,2015-10-23T23:26:16.140000
123,2015-10-23T23:48:51.520000
123,2015-10-24T01:50:12.460000
123,2015-10-24T14:45:38.850000
123,2015-10-24T17:25:40.650000
123,2015-10-25T00:40:10.660000
123,2015-10-25T11:20:59.570000
123,2015-10-27T14:44:05.070000
123,2015-11-03T22:59:05.010000
123,2015-11-06T10:57:25.750000
123,2015-11-06T11:12:56.620000
123,2015-11-19T22:35:19.540000
123,2015-11-19T22:50:19.770000
124,2015-10-22T19:42:03.980000
124,2015-10-22T19:55:34.370000
124,2015-10-22T20:50:12.780000
124,2015-10-22T22:35:03.720000
124,2015-10-22T23:05:58.220000
124,2015-10-22T23:19:46.500000
124,2015-10-23T01:09:38.070000
124,2015-10-23T01:12:20.090000
124,2015-10-23T04:20:17.970000
124,2015-10-23T07:11:50.730000
124,2015-10-23T08:53:55.820000
124,2015-10-23T10:34:05.750000
124,2015-10-23T11:41:31.710000
124,2015-10-23T11:55:31.340000
124,2015-10-23T16:26:49.560000
124,2015-10-23T16:45:48.960000
124,2015-10-23T18:21:57.610000
124,2015-10-23T19:15:47.130000
124,2015-10-24T07:27:47.960000
124,2015-10-24T11:27:37.080000
124,2015-10-25T03:17:37.530000
124,2015-10-25T10:25:40.810000
124,2015-10-25T15:16:47.790000
124,2015-10-26T01:23:05.830000
124,2015-10-28T12:39:28.980000
124,2015-10-29T07:44:56.770000
124,2015-10-29T15:27:23.920000
124,2015-11-19T22:39:09.110000
124,2015-11-20T06:25:34.480000
124,2015-11-20T06:26:26.120000
124,2015-11-20T06:29:11.830000
125,2015-10-29T14:47:20.440000
125,2015-10-30T01:45:08.800000
125,2015-11-19T01:46:45.400000
125,2015-11-19T12:18:40.860000
126,2015-11-19T02:02:20.180000
126,2015-11-19T02:18:18.280000
126,2015-11-19T03:18:50.160000
126,2015-11-19T05:49:26.050000
127,2015-11-29T08:59:19.720000
127,2015-11-29T10:58:21.190000
128,2015-12-24T22:24:00.740000
128,2015-12-24T23:30:00.440000
128,2015-12-25T02:37:28.200000
128,2015-12-25T08:59:13.130000
128,2015-12-26T15:53:23.970000
128,2015-12-29T04:48:26.020000
128,2015-12-29T06:31:55.110000
128,2015-12-29T14:04:20.400000
128,2016-01-03T04:35:37.750000
128,2016-01-03T09:13:24.940000
129,2015-12-24T22:24:31.380000
129,2015-12-24T23:30:31.100000
129,2015-12-25T02:37:58.800000
129,2015-12-26T15:53:54.610000
129,2015-12-29T06:32:25.740000
129,2015-12-29T13:24:42.710000
129,2015-12-29T14:04:51.010000
129,2016-01-03T04:36:08.350000
129,2016-01-03T09:13:55.540000
130,2015-12-24T23:03:13.540000
130,2015-12-25T02:58:16.750000
130,2015-12-25T05:18:24.450000
130,2015-12-26T21:03:03.700000
130,2015-12-30T11:04:54.920000
131,2015-12-25T00:33:16.260000
131,2015-12-26T01:09:19.940000
132,2015-12-25T03:27:16.830000
132,2015-12-25T14:43:32.370000
133,2015-12-25T23:55:05.600000
133,2015-12-26T00:34:38.210000
134,2016-01-05T04:30:43.640000
134,2016-01-05T07:54:58.920000
135,2016-01-07T05:50:53.550000
135,2016-01-07T08:30:29.740000
136,2016-04-23T22:01:25.900000
136,2016-04-24T04:34:49.610000
137,2016-05-05T04:03:44.210000
137,2016-05-05T07:21:17.920000
137,2016-05-05T09:31:04.940000
138,2016-05-15T16:11:47.650000
138,2016-05-15T23:05:59.500000
139,2016-06-27T10:47:41.050000
139,2016-06-27T11:03:43.990000
139,2016-06-27T11:05:56.560000
139,2016-06-27T11:10:50.240000
140,2016-08-03T11:21:05.150000
140,2016-08-03T11:23:19.780000
141,2016-08-05T12:09:04.430000
141,2016-08-05T21:39:31.040000
141,2016-08-05T22:04:00.870000
141,2016-08-06T08:34:19.800000
141,2016-08-07T16:24:39.460000
142,2016-08-07T11:43:48.640000
142,2016-08-07T11:44:48.390000
143,2016-08-18T07:32:57.530000
143,2016-08-18T11:18:41.410000
144,2016-09-06T09:40:03.410000
144,2016-09-08T15:01:46.650000
144,2019-01-22T06:30:27.620000
145,2016-11-04T05:22:43.870000
145,2016-11-04T08:59:25.460000
146,2016-12-07T06:27:38.770000
146,2016-12-07T06:52:54.960000
146,2016-12-07T06:53:28.070000
146,2016-12-07T06:59:04.280000
146,2016-12-07T08:45:21.670000
146,2016-12-09T01:37:41.180000
147,2016-12-08T16:25:01.140000
147,2016-12-08T18:09:18.250000
147,2016-12-21T12:06:51.610000
147,2017-01-06T17:28:25.340000
148,2017-01-06T08:49:36.840000
148,2017-01-06T11:07:35.450000
149,2017-01-13T00:19:45.650000
149,2017-01-13T00:28:07.820000
149,2018-01-23T09:06:08.860000
149,2019-03-02T13:04:22.120000
150,2017-02-26T12:58:57.350000
150,2017-02-26T14:03:00.650000
151,2017-03-12T04:46:56.230000
151,2017-03-13T06:52:08.700000
151,2017-03-17T21:35:57.660000
151,2017-04-08T04:40:51.290000
151,2017-04-08T15:29:05.810000
151,2017-04-23T08:21:07.940000
152,2017-04-15T19:07:27.720000
152,2017-04-15T19:54:03.130000
153,2017-10-16T05:06:16.120000
153,2017-10-16T15:05:38.380000
154,2017-10-17T14:57:54.730000
154,2017-10-17T16:00:46.270000
155,2017-11-07T23:46:12.030000
155,2017-11-07T23:47:05.870000
155,2017-11-07T23:48:49.850000
155,2017-11-19T17:18:46.390000
156,2017-11-12T00:14:57.250000
156,2017-11-12T12:07:38.190000
156,2017-11-23T19:33:26.690000
156,2017-12-10T13:47:02.150000
157,2017-12-17T11:49:31.820000
157,2017-12-18T21:11:54.900000
158,2017-12-17T11:49:43.890000
158,2017-12-18T21:12:06.980000
159,2018-02-13T13:48:20.440000
159,2018-02-13T20:30:10.840000
160,2018-03-17T00:25:00.970000
160,2018-03-17T00:30:46.590000
161,2018-05-19T06:10:36.030000
161,2018-05-19T06:27:26.090000
161,2018-05-19T06:42:25.170000
162,2018-06-29T12:15:24.480000
162,2018-07-02T17:26:47.360000
162,2018-08-19T11:01:05.150000
163,2019-01-26T13:41:32.010000
163,2019-01-26T14:17:02.280000
163,2019-01-26T14:23:42.260000
163,2019-01-26T15:21:48.110000
164,2019-01-29T12:20:32.450000
164,2019-01-30T11:03:56.130000
165,2019-03-08T18:57:07.610000
165,2019-03-08T19:06:21.920000
166,2019-03-29T07:40:57.080000
166,2019-04-01T05:55:20.770000
166,2020-03-13T09:04:33.325000
167,2019-03-29T11:27:33.840000
167,2019-03-29T13:43:55.250000
168,2020-04-03T01:46:46.505000
168,2020-04-03T01:49:47.875000
168,2020-04-03T04:01:59.555000
168,2020-04-03T04:23:50.225000
169,2020-04-14T02:27:29.005000
169,2020-04-14T03:28:15.125000
169,2020-04-14T07:45:16.815000
170,2020-04-29T00:59:10.010000
170,2020-04-29T01:00:49.830000
171,2020-07-03T13:50:45.910000
171,2020-07-03T13:51:36.490000
172,2020-07-11T07:37:47.035000
172,2020-07-11T13:49:36.635000
